기준연월,구분,주택,보증유형,건수,금액(백만원),비율(건수기준_퍼센트)
2015-12-01,단독주택,단독주택,전세보증금반환보증,73,7983,1
2015-12-01,단독주택,다가구주택,전세보증금반환보증,76,8798,1
2015-12-01,공동주택,다세대주택,전세보증금반환보증,185,24670,2
2015-12-01,공동주택,연립주택,전세보증금반환보증,47,7476,0
2015-12-01,공동주택,오피스텔,전세보증금반환보증,108,12966,1
2015-12-01,공동주택,아파트,전세보증금반환보증,9787,1795309,95
2015-12-01,단독주택,단독주택,전세자금대출특약보증,40,3297,1
2015-12-01,단독주택,다가구주택,전세자금대출특약보증,43,3453,1
2015-12-01,공동주택,다세대주택,전세자금대출특약보증,74,6496,2
2015-12-01,공동주택,연립주택,전세자금대출특약보증,12,1040,0
2015-12-01,공동주택,오피스텔,전세자금대출특약보증,32,3463,1
2015-12-01,공동주택,아파트,전세자금대출특약보증,4267,482342,96
2016-03-01,단독주택,단독주택,전세보증금반환보증,35,4461,1
2016-03-01,단독주택,다가구주택,전세보증금반환보증,41,5821,1
2016-03-01,공동주택,다세대주택,전세보증금반환보증,78,10905,2
2016-03-01,공동주택,연립주택,전세보증금반환보증,17,2984,0
2016-03-01,공동주택,오피스텔,전세보증금반환보증,23,4032,1
2016-03-01,공동주택,아파트,전세보증금반환보증,3893,857485,95
2016-03-01,단독주택,단독주택,전세자금대출특약보증,32,2904,1
2016-03-01,단독주택,다가구주택,전세자금대출특약보증,31,3007,1
2016-03-01,공동주택,다세대주택,전세자금대출특약보증,62,6204,2
2016-03-01,공동주택,연립주택,전세자금대출특약보증,13,1758,0
2016-03-01,공동주택,오피스텔,전세자금대출특약보증,14,1790,0
2016-03-01,공동주택,아파트,전세자금대출특약보증,2895,401727,95
2016-06-01,단독주택,단독주택,전세보증금반환보증,60,8974,1
2016-06-01,단독주택,다가구주택,전세보증금반환보증,85,13940,1
2016-06-01,공동주택,다세대주택,전세보증금반환보증,222,31516,4
2016-06-01,공동주택,연립주택,전세보증금반환보증,54,7462,1
2016-06-01,공동주택,오피스텔,전세보증금반환보증,38,7261,1
2016-06-01,공동주택,아파트,전세보증금반환보증,5830,1249692,93
2016-06-01,단독주택,단독주택,전세자금대출특약보증,53,5865,1
2016-06-01,단독주택,다가구주택,전세자금대출특약보증,73,8455,1
2016-06-01,공동주택,다세대주택,전세자금대출특약보증,204,19517,4
2016-06-01,공동주택,연립주택,전세자금대출특약보증,50,5152,1
2016-06-01,공동주택,오피스텔,전세자금대출특약보증,34,5018,1
2016-06-01,공동주택,아파트,전세자금대출특약보증,5144,730016,93
2016-06-01,단독주택,단독주택,전세보증금반환보증,66,10783,1
2016-06-01,단독주택,다가구주택,전세보증금반환보증,122,20543,2
2016-09-01,공동주택,다세대주택,전세보증금반환보증,241,39172,4
2016-09-01,공동주택,연립주택,전세보증금반환보증,35,5810,1
2016-09-01,공동주택,오피스텔,전세보증금반환보증,40,5824,1
2016-09-01,공동주택,아파트,전세보증금반환보증,6386,1361455,93
2016-09-01,단독주택,단독주택,전세자금대출특약보증,63,7412,1
2016-09-01,단독주택,다가구주택,전세자금대출특약보증,114,13894,2
2016-09-01,공동주택,다세대주택,전세자금대출특약보증,220,25997,4
2016-09-01,공동주택,연립주택,전세자금대출특약보증,33,4142,1
2016-09-01,공동주택,오피스텔,전세자금대출특약보증,25,3202,0
2016-09-01,공동주택,아파트,전세자금대출특약보증,5735,823312,93
2016-12-01,단독주택,단독주택,전세보증금반환보증,64,10627,1
2016-12-01,단독주택,다가구주택,전세보증금반환보증,138,23556,2
2016-12-01,공동주택,다세대주택,전세보증금반환보증,226,39327,3
2016-12-01,공동주택,연립주택,전세보증금반환보증,39,6947,1
2016-12-01,공동주택,오피스텔,전세보증금반환보증,26,4141,0
2016-12-01,공동주택,아파트,전세보증금반환보증,6702,1438882,93
2016-12-01,단독주택,단독주택,전세자금대출특약보증,50,5732,1
2016-12-01,단독주택,다가구주택,전세자금대출특약보증,120,14706,2
2016-12-01,공동주택,다세대주택,전세자금대출특약보증,264,32842,5
2016-12-01,공동주택,연립주택,전세자금대출특약보증,45,5341,1
2016-12-01,공동주택,오피스텔,전세자금대출특약보증,20,2579,0
2016-12-01,공동주택,아파트,전세자금대출특약보증,4983,758792,91
2017-03-01,단독주택,단독주택,전세보증금반환보증,93,15504,1
2017-03-01,단독주택,다가구주택,전세보증금반환보증,225,36638,3
2017-03-01,공동주택,다세대주택,전세보증금반환보증,556,93879,7
2017-03-01,공동주택,연립주택,전세보증금반환보증,102,17817,1
2017-03-01,공동주택,오피스텔,전세보증금반환보증,162,29318,2
2017-03-01,공동주택,아파트,전세보증금반환보증,7272,1651067,86
2017-03-01,단독주택,단독주택,전세자금대출특약보증,87,10401,1
2017-03-01,단독주택,다가구주택,전세자금대출특약보증,207,24973,3
2017-03-01,공동주택,다세대주택,전세자금대출특약보증,488,58404,7
2017-03-01,공동주택,연립주택,전세자금대출특약보증,88,10624,1
2017-03-01,공동주택,오피스텔,전세자금대출특약보증,123,15533,2
2017-03-01,공동주택,아파트,전세자금대출특약보증,5904,869687,86
2017-06-01,단독주택,단독주택,전세보증금반환보증,194,32039,2
2017-06-01,단독주택,다가구주택,전세보증금반환보증,465,75683,5
2017-06-01,공동주택,다세대주택,전세보증금반환보증,1200,209060,12
2017-06-01,공동주택,연립주택,전세보증금반환보증,184,34547,2
2017-06-01,공동주택,오피스텔,전세보증금반환보증,435,82174,4
2017-06-01,공동주택,아파트,전세보증금반환보증,7728,1717945,76
2017-06-01,단독주택,단독주택,전세자금대출특약보증,184,21458,2
2017-06-01,단독주택,다가구주택,전세자금대출특약보증,440,52992,5
2017-06-01,공동주택,다세대주택,전세자금대출특약보증,1133,141109,13
2017-06-01,공동주택,연립주택,전세자금대출특약보증,173,22834,2
2017-06-01,공동주택,오피스텔,전세자금대출특약보증,367,49628,4
2017-06-01,공동주택,아파트,전세자금대출특약보증,6426,967185,74
2017-09-01,단독주택,단독주택,전세보증금반환보증,243,38870,2
2017-09-01,단독주택,다가구주택,전세보증금반환보증,540,87998,4
2017-09-01,공동주택,다세대주택,전세보증금반환보증,1649,300973,14
2017-09-01,공동주택,연립주택,전세보증금반환보증,225,44544,2
2017-09-01,공동주택,오피스텔,전세보증금반환보증,606,109046,5
2017-09-01,공동주택,아파트,전세보증금반환보증,8955,2036377,73
2017-09-01,단독주택,단독주택,전세자금대출특약보증,234,27493,2
2017-09-01,단독주택,다가구주택,전세자금대출특약보증,520,62761,5
2017-09-01,공동주택,다세대주택,전세자금대출특약보증,1586,210323,14
2017-09-01,공동주택,연립주택,전세자금대출특약보증,216,30427,2
2017-09-01,공동주택,오피스텔,전세자금대출특약보증,549,73496,5
2017-09-01,공동주택,아파트,전세자금대출특약보증,7902,1275916,72
2017-12-01,단독주택,단독주택,전세보증금반환보증,283,46528,2
2017-12-01,단독주택,다가구주택,전세보증금반환보증,589,99699,5
2017-12-01,공동주택,다세대주택,전세보증금반환보증,2068,387204,16
2017-12-01,공동주택,연립주택,전세보증금반환보증,222,42545,2
2017-12-01,공동주택,오피스텔,전세보증금반환보증,633,121579,5
2017-12-01,공동주택,아파트,전세보증금반환보증,9289,2182116,71
2017-12-01,단독주택,단독주택,전세자금대출특약보증,273,33018,2
2017-12-01,단독주택,다가구주택,전세자금대출특약보증,566,72014,5
2017-12-01,공동주택,다세대주택,전세자금대출특약보증,2004,274301,17
2017-12-01,공동주택,연립주택,전세자금대출특약보증,210,29472,2
2017-12-01,공동주택,오피스텔,전세자금대출특약보증,593,83827,5
2017-12-01,공동주택,아파트,전세자금대출특약보증,8424,1396837,70
2018-03-01,단독주택,단독주택,전세보증금반환보증,370,64361,2
2018-03-01,단독주택,다가구주택,전세보증금반환보증,852,136918,5
2018-03-01,공동주택,다세대주택,전세보증금반환보증,2701,499758,15
2018-03-01,공동주택,연립주택,전세보증금반환보증,277,51308,2
2018-03-01,공동주택,오피스텔,전세보증금반환보증,912,165226,5
2018-03-01,공동주택,아파트,전세보증금반환보증,13404,3166740,72
2018-03-01,단독주택,단독주택,전세자금대출특약보증,339,44960,2
2018-03-01,단독주택,다가구주택,전세자금대출특약보증,791,97925,5
2018-03-01,공동주택,다세대주택,전세자금대출특약보증,2524,345600,16
2018-03-01,공동주택,연립주택,전세자금대출특약보증,256,33678,2
2018-03-01,공동주택,오피스텔,전세자금대출특약보증,816,109960,5
2018-03-01,공동주택,아파트,전세자금대출특약보증,11378,1881362,71
2018-06-01,단독주택,단독주택,전세보증금반환보증,594,97892,3
2018-06-01,단독주택,다가구주택,전세보증금반환보증,1085,176750,5
2018-06-01,공동주택,다세대주택,전세보증금반환보증,3851,720545,17
2018-06-01,공동주택,연립주택,전세보증금반환보증,396,72074,2
2018-06-01,공동주택,오피스텔,전세보증금반환보증,1369,255858,6
2018-06-01,공동주택,아파트,전세보증금반환보증,15696,3606219,68
2018-06-01,단독주택,단독주택,전세자금대출특약보증,559,67379,3
2018-06-01,단독주택,다가구주택,전세자금대출특약보증,1003,123562,5
2018-06-01,공동주택,다세대주택,전세자금대출특약보증,3527,478500,18
2018-06-01,공동주택,연립주택,전세자금대출특약보증,355,47170,2
2018-06-01,공동주택,오피스텔,전세자금대출특약보증,1190,165060,6
2018-06-01,공동주택,아파트,전세자금대출특약보증,13104,2081503,66
2018-09-01,단독주택,단독주택,전세보증금반환보증,575,94803,3
2018-09-01,단독주택,다가구주택,전세보증금반환보증,1265,199604,6
2018-09-01,공동주택,다세대주택,전세보증금반환보증,3217,599376,15
2018-09-01,공동주택,연립주택,전세보증금반환보증,348,64459,2
2018-09-01,공동주택,오피스텔,전세보증금반환보증,1309,229850,6
2018-09-01,공동주택,아파트,전세보증금반환보증,14651,3365194,69
2018-09-01,단독주택,단독주택,전세자금대출특약보증,538,65857,3
2018-09-01,단독주택,다가구주택,전세자금대출특약보증,1191,140801,7
2018-09-01,공동주택,다세대주택,전세자금대출특약보증,2905,398910,16
2018-09-01,공동주택,연립주택,전세자금대출특약보증,301,40409,2
2018-09-01,공동주택,오피스텔,전세자금대출특약보증,1066,140764,6
2018-09-01,공동주택,아파트,전세자금대출특약보증,12192,1995519,67
2018-12-01,단독주택,단독주택,전세보증금반환보증,805,125206,3
2018-12-01,단독주택,다가구주택,전세보증금반환보증,1707,251469,6
2018-12-01,공동주택,다세대주택,전세보증금반환보증,4218,757953,16
2018-12-01,공동주택,연립주택,전세보증금반환보증,418,78131,2
2018-12-01,공동주택,오피스텔,전세보증금반환보증,1941,313737,7
2018-12-01,공동주택,아파트,전세보증금반환보증,17390,3943267,66
2018-12-01,단독주택,단독주택,전세자금대출특약보증,766,89631,3
2018-12-01,단독주택,다가구주택,전세자금대출특약보증,1621,184829,7
2018-12-01,공동주택,다세대주택,전세자금대출특약보증,3715,493225,17
2018-12-01,공동주택,연립주택,전세자금대출특약보증,379,50601,2
2018-12-01,공동주택,오피스텔,전세자금대출특약보증,1637,201990,7
2018-12-01,공동주택,아파트,전세자금대출특약보증,13949,2226055,63
2019-03-01,단독주택,단독주택,전세보증금반환보증,751,109507,2
2019-03-01,단독주택,다가구주택,전세보증금반환보증,2008,285685,6
2019-03-01,공동주택,다세대주택,전세보증금반환보증,5171,900758,16
2019-03-01,공동주택,연립주택,전세보증금반환보증,541,97312,2
2019-03-01,공동주택,오피스텔,전세보증금반환보증,3200,485811,10
2019-03-01,공동주택,아파트,전세보증금반환보증,21640,4863159,65
2019-03-01,단독주택,단독주택,전세자금대출특약보증,673,74086,3
2019-03-01,단독주택,다가구주택,전세자금대출특약보증,1837,205945,8
2019-03-01,공동주택,다세대주택,전세자금대출특약보증,4193,543784,17
2019-03-01,공동주택,연립주택,전세자금대출특약보증,438,58130,2
2019-03-01,공동주택,오피스텔,전세자금대출특약보증,2459,282290,10
2019-03-01,공동주택,아파트,전세자금대출특약보증,14810,2294406,61
2019-06-01,단독주택,단독주택,전세보증금반환보증,1147,165637,3
2019-06-01,단독주택,다가구주택,전세보증금반환보증,2802,406227,7
2019-06-01,공동주택,다세대주택,전세보증금반환보증,7281,1294046,18
2019-06-01,공동주택,연립주택,전세보증금반환보증,717,123810,2
2019-06-01,공동주택,오피스텔,전세보증금반환보증,4259,646549,11
2019-06-01,공동주택,아파트,전세보증금반환보증,23864,5036398,60
2019-06-01,단독주택,단독주택,전세자금대출특약보증,1045,117250,3
2019-06-01,단독주택,다가구주택,전세자금대출특약보증,2588,296493,8
2019-06-01,공동주택,다세대주택,전세자금대출특약보증,6078,813184,20
2019-06-01,공동주택,연립주택,전세자금대출특약보증,577,73238,2
2019-06-01,공동주택,오피스텔,전세자금대출특약보증,3300,391131,11
2019-06-01,공동주택,아파트,전세자금대출특약보증,16933,2489831,55
2019-09-01,공동주택,아파트,전세보증금반환보증,26284,5652565,63
2019-09-01,공동주택,오피스텔,전세보증금반환보증,5092,750613,12
2019-09-01,공동주택,연립주택,전세보증금반환보증,720,126398,2
2019-09-01,공동주택,다세대주택,전세보증금반환보증,6927,1236686,17
2019-09-01,단독주택,단독주택,전세보증금반환보증,904,133512,2
2019-09-01,단독주택,다가구주택,전세보증금반환보증,1897,262726,5
2019-09-01,공동주택,아파트,전세자금대출특약보증,19767,3027508,61
2019-09-01,공동주택,오피스텔,전세자금대출특약보증,3996,463308,12
2019-09-01,공동주택,연립주택,전세자금대출특약보증,609,80686,2
2019-09-01,공동주택,다세대주택,전세자금대출특약보증,5724,779387,18
2019-09-01,단독주택,단독주택,전세자금대출특약보증,806,93178,2
2019-09-01,단독주택,다가구주택,전세자금대출특약보증,1737,191952,5
2019-12-01,공동주택,아파트,전세보증금반환보증,24930,5467113,61
2019-12-01,공동주택,오피스텔,전세보증금반환보증,5112,749620,13
2019-12-01,공동주택,연립주택,전세보증금반환보증,679,117223,2
2019-12-01,공동주택,다세대주택,전세보증금반환보증,7688,1384102,19
2019-12-01,단독주택,단독주택,전세보증금반환보증,854,127363,2
2019-12-01,단독주택,다가구주택,전세보증금반환보증,1627,221531,4
2019-12-01,공동주택,아파트,전세자금대출특약보증,19767,3027508,61
2019-12-01,공동주택,오피스텔,전세자금대출특약보증,3996,463308,12
2019-12-01,공동주택,연립주택,전세자금대출특약보증,609,80686,2
2019-12-01,공동주택,다세대주택,전세자금대출특약보증,5724,779387,18
2019-12-01,단독주택,단독주택,전세자금대출특약보증,806,93178,2
2019-12-01,단독주택,다가구주택,전세자금대출특약보증,1737,191952,5
2020-03-01,공동주택,아파트,전세보증금반환보증,23762,5376964,62
2020-03-01,공동주택,오피스텔,전세보증금반환보증,5240,747090,14
2020-03-01,공동주택,연립주택,전세보증금반환보증,633,106225,2
2020-03-01,공동주택,다세대주택,전세보증금반환보증,6559,1118049,17
2020-03-01,단독주택,단독주택,전세보증금반환보증,717,107062,2
2020-03-01,단독주택,다가구주택,전세보증금반환보증,1472,210599,4
2020-03-01,공동주택,아파트,전세자금대출특약보증,15707,2550878,58
2020-03-01,공동주택,오피스텔,전세자금대출특약보증,3807,427276,14
2020-03-01,공동주택,연립주택,전세자금대출특약보증,519,64742,2
2020-03-01,공동주택,다세대주택,전세자금대출특약보증,5251,684537,19
2020-03-01,단독주택,단독주택,전세자금대출특약보증,617,72066,2
2020-03-01,단독주택,다가구주택,전세자금대출특약보증,1288,148195,5
2020-06-01,공동주택,아파트,전세보증금반환보증,25812,5845589,61
2020-06-01,공동주택,오피스텔,전세보증금반환보증,5134,796626,12
2020-06-01,공동주택,연립주택,전세보증금반환보증,756,125547,2
2020-06-01,공동주택,다세대주택,전세보증금반환보증,8108,1444982,19
2020-06-01,단독주택,단독주택,전세보증금반환보증,943,145622,2
2020-06-01,단독주택,다가구주택,전세보증금반환보증,1683,249039,4
2020-06-01,공동주택,아파트,전세자금대출특약보증,17932,2913453,58
2020-06-01,공동주택,오피스텔,전세자금대출특약보증,3633,448056,12
2020-06-01,공동주택,연립주택,전세자금대출특약보증,586,74952,2
2020-06-01,공동주택,다세대주택,전세자금대출특약보증,6595,902358,21
2020-06-01,단독주택,단독주택,전세자금대출특약보증,829,98147,3
2020-06-01,단독주택,다가구주택,전세자금대출특약보증,1494,178305,5
2020-09-01,공동주택,아파트,전세보증금반환보증,29165,6841686,61
2020-09-01,공동주택,오피스텔,전세보증금반환보증,6061,975979,13
2020-09-01,공동주택,연립주택,전세보증금반환보증,770,141104,2
2020-09-01,공동주택,다세대주택,전세보증금반환보증,8762,1611903,18
2020-09-01,단독주택,단독주택,전세보증금반환보증,929,151151,2
2020-09-01,단독주택,다가구주택,전세보증금반환보증,1826,274790,4
2020-09-01,공동주택,노인복지주택,전세보증금반환보증,2,620,0
2020-09-01,공동주택,아파트,전세자금대출특약보증,20815,3537125,59
2020-09-01,공동주택,오피스텔,전세자금대출특약보증,4378,565777,12
2020-09-01,공동주택,연립주택,전세자금대출특약보증,595,82175,2
2020-09-01,공동주택,다세대주택,전세자금대출특약보증,7173,1027708,20
2020-09-01,단독주택,단독주택,전세자금대출특약보증,822,102477,2
2020-09-01,단독주택,다가구주택,전세자금대출특약보증,1584,190785,4
2020-12-01,공동주택,아파트,전세보증금반환보증,30807,7446645,60
2020-12-01,공동주택,오피스텔,전세보증금반환보증,6315,1059519,12
2020-12-01,공동주택,연립주택,전세보증금반환보증,811,149539,2
2020-12-01,공동주택,다세대주택,전세보증금반환보증,10144,1878883,20
2020-12-01,단독주택,단독주택,전세보증금반환보증,976,153512,2
2020-12-01,단독주택,다가구주택,전세보증금반환보증,1974,299496,4
2020-12-01,단독주택,다중주택,전세보증금반환보증,13,1265,0
2020-12-01,공동주택,아파트,전세자금대출특약보증,19844,3361336,57
2020-12-01,공동주택,오피스텔,전세자금대출특약보증,4060,540051,12
2020-12-01,공동주택,연립주택,전세자금대출특약보증,647,87463,2
2020-12-01,공동주택,다세대주택,전세자금대출특약보증,7652,1083369,22
2020-12-01,단독주택,단독주택,전세자금대출특약보증,869,105046,3
2020-12-01,단독주택,다가구주택,전세자금대출특약보증,1687,199928,5
2020-12-01,단독주택,다중주택,전세자금대출특약보증,1,50,0
2021-03-01,공동주택,아파트,전세보증금반환보증,32437,8130365,61
2021-03-01,공동주택,오피스텔,전세보증금반환보증,7183,1199700,13
2021-03-01,공동주택,연립주택,전세보증금반환보증,793,148230,1
2021-03-01,공동주택,다세대주택,전세보증금반환보증,10033,1869205,19
2021-03-01,단독주택,단독주택,전세보증금반환보증,855,140525,2
2021-03-01,단독주택,다가구주택,전세보증금반환보증,2019,297674,4
2021-03-01,단독주택,다중주택,전세보증금반환보증,15,1550,0
2021-03-01,공동주택,아파트,전세자금대출특약보증,22008,3804481,58
2021-03-01,공동주택,오피스텔,전세자금대출특약보증,4868,645602,13
2021-03-01,공동주택,연립주택,전세자금대출특약보증,651,91813,2
2021-03-01,공동주택,다세대주택,전세자금대출특약보증,7767,1119460,21
2021-03-01,단독주택,단독주택,전세자금대출특약보증,770,95432,2
2021-03-01,단독주택,다가구주택,전세자금대출특약보증,1774,210856,5
2021-03-01,단독주택,다중주택,전세자금대출특약보증,5,331,0
2021-06-01,공동주택,아파트,전세보증금반환보증,13143,3209512,66
2021-06-01,공동주택,오피스텔,전세보증금반환보증,2755,478604,14
2021-06-01,공동주택,연립주택,전세보증금반환보증,225,47362,1
2021-06-01,공동주택,다세대주택,전세보증금반환보증,3222,637332,16
2021-06-01,단독주택,단독주택,전세보증금반환보증,108,16226,1
2021-06-01,단독주택,다가구주택,전세보증금반환보증,311,33967,2
2021-06-01,단독주택,다중주택,전세보증금반환보증,7,657,0
2021-06-01,공동주택,노인복지주택,전세보증금반환보증,6,1240,0
2021-06-01,공동주택,아파트,전세자금대출특약보증,22552,5695280,53
2021-06-01,공동주택,오피스텔,전세자금대출특약보증,5641,992425,13
2021-06-01,공동주택,연립주택,전세자금대출특약보증,834,154463,2
2021-06-01,공동주택,다세대주택,전세자금대출특약보증,9843,1802052,23
2021-06-01,단독주택,단독주택,전세자금대출특약보증,1084,171426,3
2021-06-01,단독주택,다가구주택,전세자금대출특약보증,2453,408722,6
2021-06-01,단독주택,다중주택,전세자금대출특약보증,5,460,0
2021-09-01,공동주택,아파트,전세보증금반환보증,10152,2396502,63
2021-09-01,공동주택,오피스텔,전세보증금반환보증,2505,430919,16
2021-09-01,공동주택,연립주택,전세보증금반환보증,141,31420,1
2021-09-01,공동주택,다세대주택,전세보증금반환보증,2823,554411,18
2021-09-01,단독주택,단독주택,전세보증금반환보증,109,16589,1
2021-09-01,단독주택,다가구주택,전세보증금반환보증,272,36345,2
2021-09-01,단독주택,다중주택,전세보증금반환보증,12,1410,0
2021-09-01,공동주택,노인복지주택,전세보증금반환보증,4,950,0
2021-09-01,공동주택,아파트,전세자금대출특약보증,23578,6117235,55
2021-09-01,공동주택,오피스텔,전세자금대출특약보증,6088,1073191,14
2021-09-01,공동주택,연립주택,전세자금대출특약보증,777,146221,2
2021-09-01,공동주택,다세대주택,전세자금대출특약보증,9113,1706592,21
2021-09-01,단독주택,단독주택,전세자금대출특약보증,949,158354,2
2021-09-01,단독주택,다가구주택,전세자금대출특약보증,2167,361985,5
2021-09-01,단독주택,다중주택,전세자금대출특약보증,4,510,0
2021-12-01,공동주택,아파트,전세보증금반환보증,13772,3430366,66
2021-12-01,공동주택,오피스텔,전세보증금반환보증,3347,582466,16
2021-12-01,공동주택,연립주택,전세보증금반환보증,176,35462,1
2021-12-01,공동주택,다세대주택,전세보증금반환보증,3168,619636,15
2021-12-01,단독주택,단독주택,전세보증금반환보증,88,12660,0
2021-12-01,단독주택,다가구주택,전세보증금반환보증,292,35846,1
2021-12-01,단독주택,다중주택,전세보증금반환보증,8,728,0
2021-12-01,공동주택,노인복지주택,전세보증금반환보증,2,600,0
2021-12-01,공동주택,아파트,전세자금대출특약보증,21271,5545411,57
2021-12-01,공동주택,오피스텔,전세자금대출특약보증,5034,859271,14
2021-12-01,공동주택,연립주택,전세자금대출특약보증,591,107182,2
2021-12-01,공동주택,다세대주택,전세자금대출특약보증,7900,1475814,21
2021-12-01,단독주택,단독주택,전세자금대출특약보증,758,125688,2
2021-12-01,단독주택,다가구주택,전세자금대출특약보증,1527,250202,4
2021-12-01,단독주택,다중주택,전세자금대출특약보증,2,260,0
2022-03-01,공동주택,아파트,전세보증금반환보증,11410,2800233,64
2022-03-01,공동주택,오피스텔,전세보증금반환보증,3632,625123,20
2022-03-01,공동주택,연립주택,전세보증금반환보증,130,25328,1
2022-03-01,공동주택,다세대주택,전세보증금반환보증,2166,424506,12
2022-03-01,단독주택,단독주택,전세보증금반환보증,80,10714,0
2022-03-01,단독주택,다가구주택,전세보증금반환보증,300,38134,2
2022-03-01,단독주택,다중주택,전세보증금반환보증,8,755,0
2022-03-01,공동주택,노인복지주택,전세보증금반환보증,5,1342,0
2022-03-01,공동주택,아파트,전세자금대출특약보증,18830,5169798,57
2022-03-01,공동주택,오피스텔,전세자금대출특약보증,5030,845664,15
2022-03-01,공동주택,연립주택,전세자금대출특약보증,494,93067,2
2022-03-01,공동주택,다세대주택,전세자금대출특약보증,6555,1214357,20
2022-03-01,단독주택,단독주택,전세자금대출특약보증,642,105167,2
2022-03-01,단독주택,다가구주택,전세자금대출특약보증,1345,226593,4
2022-03-01,단독주택,다중주택,전세자금대출특약보증,1,10,0
2022-06-01,공동주택,아파트,전세보증금반환보증,12279,3013410,60
2022-06-01,공동주택,오피스텔,전세보증금반환보증,4581,806708,22
2022-06-01,공동주택,연립주택,전세보증금반환보증,156,29113,1
2022-06-01,공동주택,다세대주택,전세보증금반환보증,3173,627303,15
2022-06-01,단독주택,단독주택,전세보증금반환보증,111,16824,1
2022-06-01,단독주택,다가구주택,전세보증금반환보증,294,35615,1
2022-06-01,단독주택,다중주택,전세보증금반환보증,5,842,0
2022-06-01,공동주택,아파트,전세자금대출특약보증,20738,5560548,55
2022-06-01,공동주택,오피스텔,전세자금대출특약보증,5689,1031837,15
2022-06-01,공동주택,연립주택,전세자금대출특약보증,651,125019,2
2022-06-01,공동주택,다세대주택,전세자금대출특약보증,7961,1523997,21
2022-06-01,단독주택,단독주택,전세자금대출특약보증,877,150280,2
2022-06-01,단독주택,다가구주택,전세자금대출특약보증,1676,297781,4
2022-06-01,단독주택,다중주택,전세자금대출특약보증,4,590,0
2022-09-01,공동주택,아파트,전세보증금반환보증,14393,3737496,61
2022-09-01,공동주택,오피스텔,전세보증금반환보증,5194,940213,22
2022-09-01,공동주택,연립주택,전세보증금반환보증,191,36910,1
2022-09-01,공동주택,다세대주택,전세보증금반환보증,3430,701219,14
2022-09-01,단독주택,단독주택,전세보증금반환보증,129,20124,1
2022-09-01,단독주택,다가구주택,전세보증금반환보증,434,56303,2
2022-09-01,단독주택,다중주택,전세보증금반환보증,6,705,0
2022-09-01,공동주택,노인복지주택,전세보증금반환보증,1,270,0
2022-09-01,공동주택,아파트,전세자금대출특약보증,23163,6319597,58
2022-09-01,공동주택,오피스텔,전세자금대출특약보증,5792,1066164,15
2022-09-01,공동주택,연립주택,전세자금대출특약보증,667,136824,2
2022-09-01,공동주택,다세대주택,전세자금대출특약보증,7643,1483681,19
2022-09-01,단독주택,단독주택,전세자금대출특약보증,815,142046,2
2022-09-01,단독주택,다가구주택,전세자금대출특약보증,1672,295739,4
2022-09-01,단독주택,다중주택,전세자금대출특약보증,4,509,0
2022-12-01,공동주택,아파트,전세보증금반환보증,17893,5111063,69
2022-12-01,공동주택,오피스텔,전세보증금반환보증,4298,806230,17
2022-12-01,공동주택,연립주택,전세보증금반환보증,177,40136,1
2022-12-01,공동주택,다세대주택,전세보증금반환보증,3187,658958,12
2022-12-01,단독주택,단독주택,전세보증금반환보증,133,22858,1
2022-12-01,단독주택,다가구주택,전세보증금반환보증,344,47848,1
2022-12-01,단독주택,다중주택,전세보증금반환보증,9,1114,0
2022-12-01,공동주택,노인복지주택,전세보증금반환보증,4,1480,0
2022-12-01,공동주택,아파트,전세자금대출특약보증,23084,6052439,59
2022-12-01,공동주택,오피스텔,전세자금대출특약보증,5667,981727,14
2022-12-01,공동주택,연립주택,전세자금대출특약보증,619,121854,2
2022-12-01,공동주택,다세대주택,전세자금대출특약보증,7562,1445670,19
2022-12-01,단독주택,단독주택,전세자금대출특약보증,768,131985,2
2022-12-01,단독주택,다가구주택,전세자금대출특약보증,1694,289023,4
2022-12-01,단독주택,다중주택,전세자금대출특약보증,1,110,0
2023-03-01,공동주택,아파트,전세보증금반환보증,23295,6509267,70
2023-03-01,공동주택,오피스텔,전세보증금반환보증,5704,1036623,17
2023-03-01,공동주택,연립주택,전세보증금반환보증,197,45286,1
2023-03-01,공동주택,다세대주택,전세보증금반환보증,3201,656395,10
2023-03-01,단독주택,단독주택,전세보증금반환보증,144,26542,0
2023-03-01,단독주택,다가구주택,전세보증금반환보증,543,72977,2
2023-03-01,단독주택,다중주택,전세보증금반환보증,15,1867,0
2023-03-01,공동주택,노인복지주택,전세보증금반환보증,3,1100,0
2023-03-01,공동주택,아파트,전세자금대출특약보증,28185,7061612,60
2023-03-01,공동주택,오피스텔,전세자금대출특약보증,8026,1369312,17
2023-03-01,공동주택,연립주택,전세자금대출특약보증,602,115066,1
2023-03-01,공동주택,다세대주택,전세자금대출특약보증,7663,1412687,16
2023-03-01,단독주택,단독주택,전세자금대출특약보증,768,126696,2
2023-03-01,단독주택,다가구주택,전세자금대출특약보증,1762,282577,4
2023-03-01,단독주택,다중주택,전세자금대출특약보증,10,1323,0
2023-06-01,공동주택,아파트,전세보증금반환보증,18898,4795164,66
2023-06-01,공동주택,오피스텔,전세보증금반환보증,5918,1029639,21
2023-06-01,공동주택,연립주택,전세보증금반환보증,174,37713,1
2023-06-01,공동주택,다세대주택,전세보증금반환보증,2849,555235,10
2023-06-01,단독주택,단독주택,전세보증금반환보증,152,22956,1
2023-06-01,단독주택,다가구주택,전세보증금반환보증,622,74672,2
2023-06-01,단독주택,다중주택,전세보증금반환보증,13,1110,0
2023-06-01,공동주택,노인복지주택,전세보증금반환보증,8,2303,0
2023-06-01,공동주택,아파트,전세자금대출특약보증,32400,8088095,59
2023-06-01,공동주택,오피스텔,전세자금대출특약보증,8440,1514442,15
2023-06-01,공동주택,연립주택,전세자금대출특약보증,728,145144,1
2023-06-01,공동주택,다세대주택,전세자금대출특약보증,9539,1760912,18
2023-06-01,단독주택,단독주택,전세자금대출특약보증,963,157475,2
2023-06-01,단독주택,다가구주택,전세자금대출특약보증,2386,406628,4
2023-06-01,단독주택,다중주택,전세자금대출특약보증,14,1945,0
2023-09-01,공동주택,아파트,전세보증금반환보증,13895,3455962,67
2023-09-01,공동주택,오피스텔,전세보증금반환보증,4099,715199,20
2023-09-01,공동주택,연립주택,전세보증금반환보증,133,28448,1
2023-09-01,공동주택,다세대주택,전세보증금반환보증,2034,381448,10
2023-09-01,단독주택,단독주택,전세보증금반환보증,126,18427,1
2023-09-01,단독주택,다가구주택,전세보증금반환보증,386,53472,2
2023-09-01,단독주택,다중주택,전세보증금반환보증,9,760,0
2023-09-01,공동주택,노인복지주택,전세보증금반환보증,3,1140,0
2023-09-01,공동주택,아파트,전세자금대출특약보증,32027,8185058,58
2023-09-01,공동주택,오피스텔,전세자금대출특약보증,9609,1727980,18
2023-09-01,공동주택,연립주택,전세자금대출특약보증,756,146234,1
2023-09-01,공동주택,다세대주택,전세자금대출특약보증,9382,1746390,17
2023-09-01,단독주택,단독주택,전세자금대출특약보증,877,145856,2
2023-09-01,단독주택,다가구주택,전세자금대출특약보증,2110,354883,4
2023-09-01,단독주택,다중주택,전세자금대출특약보증,4,399,0
2023-12-01,공동주택,아파트,전세보증금반환보증,14872,3712434,67
2023-12-01,공동주택,오피스텔,전세보증금반환보증,4437,789265,20
2023-12-01,공동주택,연립주택,전세보증금반환보증,163,32954,1
2023-12-01,공동주택,다세대주택,전세보증금반환보증,2211,426170,10
2023-12-01,단독주택,단독주택,전세보증금반환보증,98,16216,0
2023-12-01,단독주택,다가구주택,전세보증금반환보증,370,51495,2
2023-12-01,단독주택,다중주택,전세보증금반환보증,6,757,0
2023-12-01,공동주택,노인복지주택,전세보증금반환보증,2,820,0
2023-12-01,공동주택,아파트,전세자금대출특약보증,30767,7821569,57
2023-12-01,공동주택,오피스텔,전세자금대출특약보증,9678,1753091,18
2023-12-01,공동주택,연립주택,전세자금대출특약보증,737,144836,1
2023-12-01,공동주택,다세대주택,전세자금대출특약보증,9611,1769772,18
2023-12-01,단독주택,단독주택,전세자금대출특약보증,826,136872,2
2023-12-01,단독주택,다가구주택,전세자금대출특약보증,2002,336143,4
2023-12-01,단독주택,다중주택,전세자금대출특약보증,4,771,0
2024-03-01,공동주택,아파트,전세보증금반환보증,14984,3857527,68
2024-03-01,공동주택,오피스텔,전세보증금반환보증,4377,788875,20
2024-03-01,공동주택,연립주택,전세보증금반환보증,162,33784,1
2024-03-01,공동주택,다세대주택,전세보증금반환보증,2177,413280,10
2024-03-01,단독주택,단독주택,전세보증금반환보증,103,15244,0
2024-03-01,단독주택,다가구주택,전세보증금반환보증,360,51403,2
2024-03-01,단독주택,다중주택,전세보증금반환보증,11,1120,0
2024-03-01,공동주택,노인복지주택,전세보증금반환보증,1,430,0
2024-03-01,공동주택,아파트,전세자금대출특약보증,31277,8352514,59
2024-03-01,공동주택,오피스텔,전세자금대출특약보증,10169,1847356,19
2024-03-01,공동주택,연립주택,전세자금대출특약보증,677,132175,1
2024-03-01,공동주택,다세대주택,전세자금대출특약보증,8986,1683535,17
2024-03-01,단독주택,단독주택,전세자금대출특약보증,673,113709,1
2024-03-01,단독주택,다가구주택,전세자금대출특약보증,1633,277781,3
2024-03-01,단독주택,다중주택,전세자금대출특약보증,3,380,0
2024-03-01,공동주택,아파트,전세보증금반환보증,14821,3766227,66
2024-06-01,공동주택,오피스텔,전세보증금반환보증,4642,851050,21
2024-06-01,공동주택,다세대주택,전세보증금반환보증,2332,435772,10
2024-06-01,단독주택,다가구주택,전세보증금반환보증,428,58165,2
2024-06-01,단독주택,단독주택,전세보증금반환보증,137,20676,1
2024-06-01,공동주택,연립주택,전세보증금반환보증,145,30689,1
2024-06-01,공동주택,노인복지주택,전세보증금반환보증,1,670,0
2024-06-01,단독주택,다중주택,전세보증금반환보증,14,2085,0
2024-06-01,공동주택,아파트,전세자금대출특약보증,31104,8288907,59
2024-06-01,공동주택,오피스텔,전세자금대출특약보증,9189,1728552,17
2024-06-01,공동주택,다세대주택,전세자금대출특약보증,8979,1675925,17
2024-06-01,단독주택,다가구주택,전세자금대출특약보증,1790,322070,3
2024-06-01,단독주택,단독주택,전세자금대출특약보증,742,126381,1
2024-06-01,공동주택,연립주택,전세자금대출특약보증,770,157196,1
2024-06-01,단독주택,다중주택,전세자금대출특약보증,7,665,0
2024-09-01,공동주택,아파트,전세보증금반환보증,12715,3317977,64
2024-09-01,공동주택,오피스텔,전세보증금반환보증,4328,795598,22
2024-09-01,공동주택,다세대주택,전세보증금반환보증,2204,418527,11
2024-09-01,단독주택,다가구주택,전세보증금반환보증,481,66839,2
2024-09-01,단독주택,단독주택,전세보증금반환보증,109,19526,1
2024-09-01,공동주택,연립주택,전세보증금반환보증,143,28332,1
2024-09-01,공동주택,노인복지주택,전세보증금반환보증,1,480,0
2024-09-01,단독주택,다중주택,전세보증금반환보증,12,1358,0
2024-09-01,공동주택,아파트,전세자금대출특약보증,31149,8560419,61
2024-09-01,공동주택,오피스텔,전세자금대출특약보증,8883,1663561,17
2024-09-01,공동주택,다세대주택,전세자금대출특약보증,8428,1582651,16
2024-09-01,단독주택,다가구주택,전세자금대출특약보증,1595,289840,3
2024-09-01,단독주택,단독주택,전세자금대출특약보증,682,125603,1
2024-09-01,공동주택,연립주택,전세자금대출특약보증,664,145636,1
2024-09-01,단독주택,다중주택,전세자금대출특약보증,7,879,0
2024-12-01,공동주택,아파트,전세보증금반환보증,13555,3587417,65
2024-12-01,공동주택,오피스텔,전세보증금반환보증,4357,809370,21
2024-12-01,공동주택,다세대주택,전세보증금반환보증,2255,421775,11
2024-12-01,단독주택,다가구주택,전세보증금반환보증,449,64176,2
2024-12-01,단독주택,단독주택,전세보증금반환보증,128,21695,1
2024-12-01,공동주택,연립주택,전세보증금반환보증,169,41046,1
2024-12-01,공동주택,노인복지주택,전세보증금반환보증,3,1270,0
2024-12-01,단독주택,다중주택,전세보증금반환보증,10,987,0
2024-12-01,공동주택,아파트,전세자금대출특약보증,26177,7070254,60
2024-12-01,공동주택,오피스텔,전세자금대출특약보증,7398,1337804,17
2024-12-01,공동주택,다세대주택,전세자금대출특약보증,7611,1398585,17
2024-12-01,단독주택,다가구주택,전세자금대출특약보증,1349,242910,3
2024-12-01,단독주택,단독주택,전세자금대출특약보증,566,95952,1
2024-12-01,공동주택,연립주택,전세자금대출특약보증,598,120642,1
2024-12-01,단독주택,다중주택,전세자금대출특약보증,2,450,0
2025-03-01,공동주택,아파트,전세보증금반환보증,14723,3826359,67
2025-03-01,공동주택,오피스텔,전세보증금반환보증,4685,825660,21
2025-03-01,공동주택,다세대주택,전세보증금반환보증,1926,348853,9
2025-03-01,단독주택,다가구주택,전세보증금반환보증,380,49725,2
2025-03-01,단독주택,단독주택,전세보증금반환보증,102,15970,0
2025-03-01,공동주택,연립주택,전세보증금반환보증,136,30008,1
2025-03-01,단독주택,다중주택,전세보증금반환보증,14,1432,0
2025-03-01,공동주택,아파트,전세자금대출특약보증,30214,8169424,61
2025-03-01,공동주택,오피스텔,전세자금대출특약보증,9218,1716692,19
2025-03-01,공동주택,다세대주택,전세자금대출특약보증,7664,1422893,15
2025-03-01,단독주택,다가구주택,전세자금대출특약보증,1333,228788,3
2025-03-01,단독주택,단독주택,전세자금대출특약보증,561,99628,1
2025-03-01,공동주택,연립주택,전세자금대출특약보증,636,132422,1
2025-03-01,단독주택,다중주택,전세자금대출특약보증,15,1913,0
2025-06-01,공동주택,아파트,전세보증금반환보증,14854,3705073,72
2025-06-01,공동주택,오피스텔,전세보증금반환보증,5140,921109,18
2025-06-01,공동주택,다세대주택,전세보증금반환보증,2294,417151,8
2025-06-01,단독주택,다가구주택,전세보증금반환보증,433,58978,1
2025-06-01,단독주택,단독주택,전세보증금반환보증,116,18719,0
2025-06-01,공동주택,연립주택,전세보증금반환보증,136,28675,1
2025-06-01,단독주택,다중주택,전세보증금반환보증,14,1910,0
2025-06-01,공동주택,노인복지주택,전세보증금반환보증,1,420,0
2025-06-01,공동주택,아파트,전세자금대출특약보증,32959,8752610,68
2025-06-01,공동주택,오피스텔,전세자금대출특약보증,9230,1767491,14
2025-06-01,공동주택,다세대주택,전세자금대출특약보증,9177,1740247,14
2025-06-01,단독주택,다가구주택,전세자금대출특약보증,1702,308811,2
2025-06-01,단독주택,단독주택,전세자금대출특약보증,712,123763,1
2025-06-01,공동주택,연립주택,전세자금대출특약보증,710,154596,1
2025-06-01,단독주택,다중주택,전세자금대출특약보증,11,1954,0
2025-09-01,공동주택,아파트,전세보증금반환보증,13071,3335900,61
2025-09-01,공동주택,오피스텔,전세보증금반환보증,5034,915028,24
2025-09-01,공동주택,연립주택,전세보증금반환보증,156,34360,1
2025-09-01,공동주택,다세대주택,전세보증금반환보증,2474,463536,12
2025-09-01,단독주택,단독주택,전세보증금반환보증,127,22454,1
2025-09-01,단독주택,다가구주택,전세보증금반환보증,493,70628,2
2025-09-01,단독주택,다중주택,전세보증금반환보증,11,1388,0
2025-09-01,공동주택,노인복지주택,전세보증금반환보증,4,1470,0
2025-09-01,공동주택,아파트,전세자금대출특약보증,28172,7534978,60
2025-09-01,공동주택,오피스텔,전세자금대출특약보증,8439,1585899,18
2025-09-01,공동주택,연립주택,전세자금대출특약보증,611,122825,1
2025-09-01,공동주택,다세대주택,전세자금대출특약보증,7930,1510425,17
2025-09-01,단독주택,단독주택,전세자금대출특약보증,614,107709,1
2025-09-01,단독주택,다가구주택,전세자금대출특약보증,1409,251345,3
2025-09-01,단독주택,다중주택,전세자금대출특약보증,9,950,0
